user,game
0,0
0,4
0,23
0,26
0,43
0,16
0,46
0,35
1,20
1,5
1,48
1,19
1,9
1,2
1,44
2,13
2,19
2,49
2,29
2,27
3,26
3,38
3,13
3,44
3,29
3,45
3,8
3,24
3,15
3,32
3,39
4,1
4,48
4,42
4,22
4,25
5,40
5,29
5,11
5,32
5,42
5,9
5,33
5,41
6,19
6,33
6,17
6,2
6,0
6,13
6,49
7,27
7,41
7,49
7,45
7,35
7,5
7,3
7,14
7,36
7,48
7,12
8,23
8,28
8,46
8,34
8,18
8,33
9,40
9,17
9,14
9,39
9,26
10,6
10,27
10,24
10,30
11,22
11,16
11,37
11,1
11,43
12,36
12,8
12,21
12,29
13,32
13,11
13,19
13,28
13,7
13,46
14,30
14,36
14,44
14,19
14,7
14,18
15,14
15,16
15,32
15,39
15,20
16,44
16,33
16,26
16,27
16,41
16,28
17,22
17,23
17,14
17,5
17,0
17,20
18,28
18,0
18,43
18,3
18,10
18,36
18,18
18,1
18,37
19,7
19,17
19,34
19,11
19,43
19,38
19,31
20,40
20,6
20,46
20,12
20,2
20,45
20,31
20,13
21,21
21,18
21,31
22,7
23,12
23,35
23,0
23,38
23,40
23,16
23,45
23,10
23,33
24,26
24,14
24,6
24,33
24,3
24,0
25,39
25,19
25,44
25,46
25,27
25,22
26,47
26,33
26,10
26,5
26,16
26,1
26,42
27,24
27,37
27,36
27,38
27,32
28,44
28,16
28,24
28,39
28,17
29,49
29,19
29,30
29,16
29,42
29,26
30,42
30,23
30,15
30,35
30,4
31,20
31,25
31,29
31,42
31,10
31,24
31,7
31,43
32,19
32,23
32,16
32,32
32,10
32,5
32,2
32,9
32,11
32,42
33,35
33,25
34,46
34,37
34,2
34,49
34,9
34,44
34,34
34,40
34,8
34,27
34,48
35,16
35,27
35,34
35,13
35,21
35,4
35,49
36,23
36,42
36,27
36,43
36,29
36,37
36,18
36,41
36,45
37,7
37,41
37,20
37,45
37,4
37,23
38,22
38,39
38,36
39,48
39,6
40,38
40,1
40,39
40,24
40,7
41,4
41,13
41,3
41,33
41,30
41,41
41,49
42,44
42,9
42,23
42,13
43,37
43,7
43,8
43,14
43,36
43,31
44,28
44,43
44,49
44,22
45,38
45,15
45,8
45,34
45,13
45,12
45,10
45,5
46,43
46,46
46,3
46,1
46,15
46,41
46,29
46,47
47,25
47,42
47,12
47,49
47,45
47,43
48,16
48,33
48,2
48,5
48,49
49,17
49,37
49,19
49,6
49,2
50,11
50,16
50,33
50,38
50,20
50,5
50,31
50,39
50,21
51,49
51,6
51,42
51,4
51,24
51,25
51,33
51,46
51,18
52,43
52,22
52,45
52,14
52,13
53,39
53,35
53,30
53,43
53,8
53,28
53,36
53,5
54,44
54,41
54,37
54,1
54,20
54,0
54,39
54,12
54,45
54,10
54,24
55,10
55,16
55,35
55,47
55,4
55,36
56,23
56,7
56,24
56,9
56,48
56,27
56,26
57,12
57,33
57,1
57,47
57,37
57,29
57,24
59,21
59,18
59,28
60,5
60,3
60,31
60,2
60,28
60,30
60,44
60,10
61,43
61,7
61,46
61,17
61,18
61,35
61,30
61,11
62,18
62,49
62,39
62,32
62,46
63,24
63,39
63,5
63,49
63,29
64,31
64,27
64,43
65,47
65,5
65,27
65,2
65,12
65,20
66,14
66,19
66,42
66,9
66,10
66,7
67,9
67,15
67,16
67,23
67,20
68,9
68,10
68,11
68,21
68,45
69,2
69,32
69,17
69,40
69,46
69,35
69,39
70,4
70,30
70,35
70,8
70,32
70,43
70,24
70,49
71,28
71,5
71,16
71,4
71,19
72,49
72,23
72,13
72,1
72,6
72,5
73,3
73,8
73,49
73,19
73,26
73,31
73,15
74,38
74,35
74,48
74,24
74,0
74,45
74,42
75,14
75,27
75,1
75,24
75,30
75,33
76,25
76,37
76,2
76,43
76,5
76,47
76,15
76,32
76,19
76,21
77,37
77,15
77,18
77,11
77,10
78,45
78,12
78,43
78,40
78,29
78,6
78,13
78,16
78,35
79,16
79,26
79,23
79,39
79,7
79,24
79,33
80,17
80,0
80,21
80,43
80,31
80,48
81,43
81,31
81,45
81,32
81,38
81,35
81,33
81,40
81,29
81,24
81,30
81,11
82,24
82,23
82,33
82,28
82,37
82,12
83,34
83,1
83,46
83,12
83,40
83,11
84,10
84,20
84,11
84,32
84,22
84,13
84,5
85,2
85,1
85,43
85,20
85,13
86,11
86,39
86,42
86,41
86,15
87,29
87,47
87,25
87,17
88,37
88,39
88,18
88,10
89,10
89,5
89,30
89,21
89,14
89,11
90,14
90,37
90,46
90,40
90,20
90,31
90,6
90,36
90,41
90,15
91,8
91,16
91,19
91,41
91,28
91,47
92,7
92,38
92,13
92,16
92,19
92,24
92,48
92,40
92,25
92,6
92,28
92,23
92,11
92,36
93,9
93,46
93,18
93,33
93,8
93,19
93,23
93,0
93,24
94,29
94,33
94,5
94,25
94,0
94,7
94,36
94,34
95,43
95,33
95,40
95,32
95,22
95,26
95,14
96,34
96,46
96,38
97,34
97,40
97,27
98,27
98,2
98,43
99,21
99,7
99,9
99,18
99,8
99,31
99,11
99,10
99,26
99,29
100,45
100,7
100,29
100,37
101,7
101,22
101,47
101,14
101,28
102,34
102,32
102,40
102,6
102,11
102,46
102,30
102,14
102,43
103,18
103,26
103,10
103,37
103,46
103,28
103,2
103,8
103,49
104,34
104,49
104,35
104,15
104,19
104,20
104,44
104,10
104,30
105,9
105,6
105,29
105,17
105,49
105,12
105,32
105,34
106,31
106,6
106,38
106,4
106,5
106,14
106,28
107,45
107,36
107,20
107,27
107,40
107,21
107,48
107,17
108,29
108,22
108,48
108,28
108,40
108,34
108,18
108,31
108,8
108,11
109,39
109,42
109,33
109,13
109,41
109,5
109,0
109,18
109,3
109,28
110,46
110,21
110,24
110,37
110,4
110,5
110,31
110,48
111,20
111,26
111,39
111,19
111,1
112,35
112,18
112,42
112,0
112,46
112,6
112,37
112,41
112,31
113,15
113,5
114,12
114,46
114,9
114,22
115,33
115,2
115,45
115,46
115,34
115,8
116,16
116,31
116,19
116,15
116,23
116,42
116,20
116,26
116,22
116,2
116,0
117,16
117,43
117,23
117,28
118,29
118,48
118,44
118,30
118,15
118,9
118,41
118,8
119,43
119,13
119,36
119,5
119,3
119,31
119,23
120,26
120,21
120,37
121,17
121,33
121,8
121,28
121,30
121,19
121,12
121,49
122,7
122,29
122,49
122,37
122,2
122,33
123,13
123,11
123,35
123,3
123,41
123,9
123,45
123,16
124,32
124,27
124,14
124,44
124,45
125,23
125,18
125,44
125,10
125,6
125,1
125,40
125,49
125,41
126,11
126,41
126,2
126,28
126,38
127,32
127,11
127,49
127,26
127,41
127,4
128,0
128,9
128,20
128,46
128,34
128,22
128,16
128,49
128,37
129,18
129,26
129,49
129,44
129,21
129,13
129,12
129,10
130,0
130,12
130,10
130,5
131,9
131,24
131,2
131,14
131,21
132,43
132,24
132,17
132,33
132,47
132,35
132,39
132,44
133,16
133,13
133,46
133,41
133,17
133,11
133,27
134,31
134,30
134,47
134,22
134,26
134,3
134,18
134,2
135,42
135,18
135,39
136,19
136,0
136,41
136,42
136,1
136,4
136,25
136,28
136,11
136,20
137,0
137,22
137,6
137,11
137,26
137,23
137,19
138,15
138,32
138,45
138,31
138,37
138,35
139,20
139,46
139,30
139,33
140,3
140,48
140,34
140,4
140,19
140,1
140,47
141,17
141,2
141,21
141,10
141,23
141,27
142,31
142,37
142,5
142,23
143,21
143,2
143,46
143,13
143,7
143,16
144,7
144,31
144,10
144,42
144,5
144,1
145,20
145,2
145,44
145,16
146,27
146,17
146,32
147,31
147,29
147,3
147,26
147,46
147,6
147,12
148,38
148,36
148,2
149,33
149,47
149,39
149,12
149,27
150,22
150,43
150,4
150,7
150,31
150,42
151,31
151,40
151,43
151,10
151,41
151,29
152,42
152,0
152,9
152,38
152,48
153,42
153,0
153,14
153,20
154,39
154,5
154,12
154,38
154,41
154,11
154,42
154,40
154,29
155,46
155,18
155,15
155,47
155,13
155,38
155,29
156,10
156,49
156,36
156,4
156,13
156,48
156,9
156,3
157,19
157,49
157,35
157,12
157,24
158,39
158,13
158,30
158,43
158,47
159,40
159,16
159,1
159,18
159,38
159,37
159,19
160,49
160,1
160,22
160,45
160,31
160,21
161,48
161,16
161,9
161,44
161,35
162,23
162,41
162,6
162,44
162,48
162,42
162,20
162,11
163,37
163,13
163,41
163,10
164,11
164,40
164,16
164,7
164,19
164,10
164,17
165,15
165,37
165,0
165,12
166,49
166,43
166,33
166,19
166,0
166,29
166,2
167,8
167,28
167,45
167,42
168,21
168,7
168,38
168,46
168,8
168,39
168,26
168,18
168,40
168,49
169,20
169,43
169,34
169,48
169,25
170,42
170,37
170,18
171,25
171,19
171,32
171,29
171,45
171,1
172,15
172,35
172,47
172,5
172,2
172,18
172,14
172,39
172,4
173,35
173,14
173,19
173,36
173,11
173,43
173,39
174,2
174,31
175,39
175,44
175,42
175,38
175,8
175,35
176,9
176,46
176,32
176,34
177,10
177,28
177,26
177,13
177,25
177,8
177,39
178,40
178,43
178,49
178,19
178,38
178,6
178,2
178,47
179,42
179,43
179,6
179,29
179,22
179,0
179,44
179,10
180,1
180,38
180,45
180,33
180,31
180,20
180,9
181,34
181,29
181,25
181,6
181,26
181,10
182,25
182,30
183,0
183,36
183,6
183,3
183,17
183,43
183,49
183,10
183,9
183,24
183,21
183,48
184,23
184,13
184,25
184,2
184,35
184,32
184,45
185,13
185,2
185,38
185,8
185,10
186,10
186,44
186,35
186,39
186,8
186,29
186,5
186,19
186,1
187,34
187,36
187,42
187,10
188,24
188,10
188,48
188,33
188,31
188,26
189,42
189,32
189,44
189,26
189,4
189,45
190,26
190,4
190,29
190,22
190,7
190,28
190,38
190,31
190,14
191,0
191,45
191,9
191,13
191,5
192,44
192,49
192,46
193,24
193,21
193,13
193,43
193,35
193,2
194,25
194,35
194,4
194,44
194,28
195,47
195,15
195,44
196,45
196,26
196,19
196,23
196,2
196,8
197,26
197,41
197,7
197,18
197,45
198,29
198,26
198,25
198,23
198,22
198,42
198,13
198,43
198,12
198,38
199,14
199,24
199,34
199,26
199,48
199,37
199,16
199,13
199,20
199,45
200,24
200,48
200,30
200,47
200,0
200,33
200,7
200,14
200,32
201,27
201,28
201,17
201,23
201,32
201,12
201,16
201,21
201,35
201,11
201,8
201,39
201,3
202,2
202,30
203,42
203,28
203,33
203,46
203,12
203,9
203,6
203,35
203,21
204,20
204,38
204,10
204,32
205,7
205,47
205,17
205,11
205,32
205,25
205,42
206,14
206,44
207,29
207,30
207,41
207,44
207,21
207,34
207,35
207,31
207,2
208,1
208,35
208,40
208,47
208,29
208,27
209,36
209,8
209,42
209,40
209,32
209,5
209,17
210,3
210,28
210,36
210,47
210,16
210,23
211,30
211,11
211,31
212,24
212,0
212,36
212,31
212,28
212,33
212,48
212,5
212,45
213,10
213,38
213,4
213,48
213,24
213,3
214,43
214,42
214,27
214,16
214,47
214,20
214,23
214,1
214,31
214,11
214,30
215,41
215,47
215,12
215,21
215,40
215,36
215,33
215,13
216,39
216,25
216,17
216,22
216,35
217,22
217,2
217,34
217,39
217,11
217,6
217,12
217,1
217,49
217,15
217,37
218,12
218,48
218,5
218,11
218,6
219,40
219,33
219,34
219,38
219,42
219,23
219,39
220,39
220,20
220,47
220,33
220,3
221,25
221,24
221,34
221,32
221,21
221,42
222,30
222,19
222,8
222,45
222,3
222,10
222,37
223,16
223,27
223,22
223,25
223,40
223,11
223,3
223,36
223,44
223,47
223,13
224,34
224,19
224,10
224,20
225,48
225,30
225,10
225,17
225,33
225,22
225,37
226,4
226,12
226,33
226,37
226,38
226,18
227,24
227,4
227,28
227,33
227,45
228,41
228,38
228,34
228,21
228,20
228,37
228,43
229,45
229,4
229,1
229,16
229,35
229,8
229,38
229,20
229,0
230,45
230,13
230,4
230,43
230,39
230,31
230,10
231,26
231,11
231,35
231,36
231,16
231,20
232,34
232,26
232,49
232,5
232,18
232,16
233,47
233,42
233,31
233,7
233,45
233,41
233,44
233,27
234,14
234,32
234,30
234,45
234,31
234,12
234,49
235,29
235,0
235,47
235,45
235,24
236,37
236,27
236,3
236,48
236,36
236,31
236,12
237,5
237,6
237,27
237,47
237,22
237,30
237,3
237,39
238,46
238,19
238,22
238,35
238,11
239,33
239,47
239,43
239,32
240,19
240,7
240,6
240,4
240,43
240,10
240,13
240,36
241,30
241,24
241,8
241,27
241,0
241,7
241,23
241,19
242,4
242,29
242,47
242,17
243,34
243,13
243,30
243,38
243,3
243,25
243,20
244,10
244,48
245,27
245,34
245,11
245,16
245,42
245,10
245,12
245,9
246,46
246,12
246,1
246,23
246,7
246,25
246,47
246,36
247,29
247,8
247,7
247,32
248,31
248,32
248,41
248,4
248,30
248,5
249,20
249,37
249,12
249,25
249,31
249,44
249,11
249,38
250,20
250,3
250,18
250,15
250,30
251,10
251,23
251,24
251,27
251,6
251,16
251,42
251,38
252,49
252,47
252,25
252,10
252,3
252,7
253,40
253,47
253,29
253,26
253,39
253,24
254,40
254,39
254,8
254,18
254,32
254,24
255,49
255,4
255,13
255,10
255,38
255,0
256,23
256,5
256,2
256,31
256,18
256,47
256,16
257,29
257,14
257,13
257,37
257,21
257,26
257,42
257,1
257,48
257,32
257,3
257,18
258,30
258,2
258,34
258,47
258,31
259,16
259,6
259,49
259,17
259,23
259,13
259,45
259,5
259,44
259,22
260,14
260,1
260,18
260,9
260,16
261,3
261,10
261,29
261,11
261,35
262,23
262,43
262,18
262,3
262,24
263,28
263,26
263,37
263,12
263,23
263,21
263,20
263,31
263,3
263,32
263,6
263,38
263,19
263,24
263,36
264,18
264,25
264,47
264,28
264,20
264,3
264,24
264,17
265,16
265,33
265,26
265,8
265,49
266,36
266,43
266,4
266,2
266,3
266,37
266,49
267,11
267,6
267,33
268,36
268,21
268,22
268,13
268,2
268,8
268,49
268,47
268,24
268,7
268,10
269,46
269,37
269,14
269,7
269,47
269,38
269,17
269,34
269,43
269,22
270,13
270,46
270,44
270,31
271,5
271,37
271,42
271,21
271,14
271,40
271,24
271,2
271,4
272,11
272,42
272,48
272,31
272,44
272,28
272,41
273,7
273,14
273,39
273,8
273,25
274,4
274,40
274,17
274,33
274,24
274,31
274,30
274,23
275,3
275,21
275,20
275,16
275,18
275,43
275,5
275,11
275,37
275,33
275,36
275,49
276,24
276,33
276,9
276,47
276,4
276,15
276,26
277,22
277,7
277,28
277,46
277,3
277,1
277,20
278,17
278,7
278,4
278,45
278,34
279,11
279,37
279,36
279,44
279,10
279,42
279,13
280,15
280,39
280,9
280,35
280,10
281,22
281,29
281,40
281,43
281,4
282,26
282,39
282,24
283,46
283,4
283,26
283,44
284,33
284,47
284,3
284,21
284,49
284,22
285,39
285,22
285,15
285,16
285,42
285,35
285,48
285,25
285,18
286,25
286,37
286,12
286,29
286,32
286,0
286,45
287,30
287,11
287,33
288,19
288,33
288,28
288,22
289,42
289,11
289,32
289,18
289,8
289,25
289,14
290,26
290,40
290,7
290,36
290,10
290,28
290,2
290,27
291,6
291,14
291,29
291,21
291,34
291,17
291,1
291,20
291,37
291,27
291,36
291,47
292,17
292,30
292,28
292,36
292,23
292,48
292,47
293,8
293,23
293,18
293,3
293,30
293,39
293,45
294,16
294,10
295,4
295,26
295,6
295,49
295,28
296,33
296,14
296,45
296,17
296,44
297,17
297,19
297,9
297,14
297,47
297,43
297,25
297,33
297,11
297,18
298,1
298,19
298,14
298,5
298,27
299,10
299,35
299,47
299,26
299,41
299,28
299,3
300,14
300,41
300,6
300,21
300,38
300,8
300,31
301,49
301,4
301,0
301,36
301,34
301,22
301,6
301,35
302,11
302,26
302,30
303,24
304,23
304,1
304,33
305,30
305,6
306,28
306,2
306,12
307,18
307,25
307,43
307,41
307,1
307,23
307,17
307,32
308,32
308,36
309,3
309,35
309,21
309,17
309,19
309,28
309,16
310,23
310,46
310,5
310,21
310,41
311,24
311,40
311,7
311,18
311,14
311,25
311,0
311,5
311,47
311,3
312,12
312,29
312,3
312,45
312,1
312,22
312,49
312,6
312,36
312,7
312,8
312,18
313,39
313,28
313,46
313,15
314,15
314,6
314,2
314,13
314,35
315,47
315,5
315,22
315,29
315,48
315,32
315,23
315,13
316,26
316,5
316,47
316,12
316,6
317,31
317,15
317,8
317,21
317,7
317,32
317,12
317,30
317,48
317,6
317,25
318,14
318,47
318,45
318,33
318,3
319,20
319,14
319,27
319,3
320,43
320,12
320,0
320,10
320,45
321,25
321,39
321,33
321,26
321,15
322,19
322,38
322,21
322,14
322,36
322,44
322,28
322,18
323,33
323,19
323,38
323,34
323,11
324,19
324,7
324,30
324,33
325,34
325,9
325,1
326,1
326,31
326,12
326,34
326,44
326,32
326,26
326,35
327,48
327,36
327,43
327,47
327,31
328,1
328,7
328,36
328,31
328,41
328,12
329,45
329,31
329,20
329,9
329,44
329,39
329,36
330,34
330,37
330,29
330,49
330,17
330,1
330,13
331,24
331,41
332,37
332,48
332,12
332,39
332,5
332,46
333,5
333,33
333,18
333,43
333,8
333,32
333,26
334,43
334,14
335,31
335,40
335,8
335,22
335,23
335,15
335,4
335,12
335,1
336,43
336,5
336,39
336,28
336,21
336,34
336,48
336,23
336,19
337,31
337,6
337,19
337,30
337,1
337,2
337,4
337,10
337,16
338,10
338,40
338,37
338,46
338,45
338,22
338,27
338,43
339,39
339,21
339,17
339,38
339,26
339,15
339,2
340,25
340,23
340,4
340,26
340,18
340,30
340,31
340,16
340,10
340,28
341,34
341,23
341,41
341,9
341,35
341,11
341,36
341,0
341,49
341,39
342,36
342,17
342,20
342,0
342,39
342,22
342,24
342,10
342,33
342,29
342,13
342,46
343,17
343,15
343,3
343,28
344,4
344,12
344,25
344,36
344,40
345,44
345,41
345,2
345,46
345,28
345,1
345,27
345,38
346,6
346,16
346,36
346,7
346,24
346,29
347,25
347,37
347,5
348,44
348,1
348,49
348,39
348,12
349,20
349,21
349,42
349,23
349,44
349,35
349,6
349,39
349,49
349,30
349,18
350,19
350,27
350,2
350,42
350,12
350,14
351,17
351,27
351,0
351,20
351,9
351,47
351,13
351,5
351,25
351,14
352,5
352,36
352,46
352,26
352,10
352,18
353,21
353,34
353,25
354,42
354,49
354,48
354,18
354,22
354,11
354,13
355,2
355,23
355,20
355,13
355,29
355,22
355,9
355,3
355,43
355,4
356,1
356,35
356,0
356,49
356,19
356,26
356,6
356,42
357,37
357,31
357,4
357,24
357,18
357,27
357,6
357,48
357,9
358,6
358,19
358,25
358,23
359,28
359,17
359,5
359,9
359,11
359,40
359,13
360,32
360,44
360,30
360,12
360,28
360,23
360,22
360,49
360,6
360,31
361,29
361,23
361,7
361,38
361,42
361,28
362,5
362,30
362,33
362,45
363,35
363,6
363,4
363,30
363,38
363,7
363,21
364,6
364,23
364,3
364,4
364,16
364,28
365,10
365,7
365,45
365,37
365,2
365,48
365,13
366,10
366,27
366,13
366,49
366,29
367,14
367,24
367,47
367,15
368,27
368,18
368,48
368,28
368,38
368,22
368,37
368,41
369,24
369,17
369,8
369,15
369,26
369,18
369,29
370,19
370,21
370,43
371,19
371,11
371,10
371,44
371,7
372,40
372,9
372,23
372,20
372,11
372,49
372,38
372,47
373,8
373,47
373,20
373,43
373,37
373,46
373,48
373,21
373,23
374,33
374,12
374,9
374,14
374,17
374,18
374,1
374,22
374,39
375,21
375,33
375,14
375,12
375,43
375,11
375,27
375,9
376,45
376,16
376,39
376,33
376,14
377,21
377,35
377,48
377,28
377,2
377,36
378,41
378,15
378,19
378,23
378,47
378,49
378,4
378,32
378,12
379,2
379,15
379,12
379,26
379,13
379,37
380,38
380,37
380,34
380,30
380,17
381,48
381,12
381,3
381,11
381,2
381,18
382,5
382,44
382,11
382,16
382,39
382,37
382,26
382,47
383,49
383,37
383,4
383,42
383,3
384,25
384,42
384,1
384,19
384,7
384,10
385,12
385,7
385,3
385,1
386,36
386,34
386,20
386,43
386,28
386,45
386,47
387,18
387,9
387,23
387,14
387,35
387,46
387,10
388,48
388,28
388,46
388,41
388,38
388,36
388,40
388,10
388,0
389,40
389,6
389,9
389,2
389,3
389,29
389,11
389,17
390,15
390,26
390,18
390,13
390,11
390,32
390,22
390,20
391,39
391,22
391,30
391,0
391,19
391,38
391,40
391,1
391,45
392,32
392,10
393,15
393,3
393,9
393,29
393,6
393,41
393,18
393,34
393,4
393,32
394,47
394,28
394,32
394,20
394,48
394,6
395,28
395,39
395,46
395,19
395,6
395,49
395,31
396,0
396,42
396,30
396,31
396,6
396,18
396,14
396,33
396,36
396,43
396,37
396,26
396,20
397,5
397,17
397,46
397,21
397,47
397,44
397,20
397,4
397,42
398,21
398,27
398,25
398,43
398,1
398,40
398,22
399,43
399,5
399,12
399,40
399,45
399,24
399,30
400,41
400,19
400,49
400,27
400,48
401,3
401,13
401,10
401,39
401,41
401,21
401,36
401,34
401,14
401,6
402,46
402,37
402,17
402,4
402,34
403,16
403,33
403,22
403,23
404,37
404,32
404,19
404,21
404,10
404,20
404,43
404,33
405,30
405,45
405,22
405,13
406,13
406,44
406,7
406,29
406,23
406,3
406,27
406,17
407,29
407,7
407,40
407,0
407,31
407,6
407,20
407,32
407,4
408,1
408,35
408,13
408,28
408,17
408,25
409,18
409,45
409,31
409,41
409,38
409,34
409,44
409,10
410,9
410,32
410,20
410,1
411,19
411,23
411,39
411,1
411,11
411,6
412,26
412,6
412,24
412,3
412,13
412,8
412,45
412,37
412,23
413,42
413,26
413,1
413,37
413,21
413,6
414,28
414,22
414,32
414,31
414,8
414,34
415,13
415,21
415,32
415,33
415,43
415,2
415,1
415,31
415,36
415,3
416,0
416,46
416,17
416,1
416,33
416,9
416,47
416,27
416,2
417,44
417,40
417,31
417,41
417,20
417,14
417,18
417,12
417,9
417,7
418,8
418,30
418,5
418,23
418,19
419,33
419,14
419,36
419,48
419,34
419,24
419,2
419,44
419,45
419,25
420,39
420,32
420,1
420,48
420,41
420,44
420,15
420,9
420,40
421,37
421,27
421,21
421,40
422,36
422,38
422,16
422,47
422,11
422,46
423,48
423,7
423,45
423,11
423,1
423,4
423,34
424,14
424,42
424,18
425,8
425,17
425,41
425,5
425,26
425,23
425,45
426,1
426,40
426,30
426,6
426,20
426,19
426,47
426,27
426,25
426,11
426,32
427,5
427,8
427,45
428,0
428,10
428,3
428,29
428,43
428,20
428,21
429,18
429,23
429,10
429,31
429,46
430,31
430,47
430,11
430,2
430,46
430,35
430,1
430,3
430,29
430,12
431,20
431,26
432,44
432,0
432,21
432,27
432,31
432,1
432,23
432,8
433,15
433,16
433,5
433,36
433,13
434,4
434,24
434,40
434,17
434,14
434,39
434,43
434,3
434,12
435,33
435,40
435,1
436,6
436,12
436,24
436,25
436,15
436,9
437,17
437,38
437,9
437,6
437,3
437,7
437,13
437,33
437,41
438,36
438,31
438,25
438,12
438,23
438,32
439,27
439,41
439,12
439,43
439,44
440,23
440,27
440,39
440,48
440,38
440,14
440,18
440,6
441,4
441,6
441,18
441,3
441,5
441,23
441,26
442,44
442,20
442,46
442,3
442,9
442,5
442,27
442,40
443,22
443,45
443,46
443,2
443,31
444,12
444,4
444,44
444,46
445,6
445,12
445,2
445,10
445,40
446,37
446,24
446,10
446,29
446,39
446,36
446,45
446,44
447,44
447,2
447,39
447,46
447,30
447,22
447,37
448,27
448,37
448,5
449,30
449,17
449,28
449,7
450,10
450,40
450,21
450,30
450,26
450,28
450,15
450,47
450,38
450,29
451,30
451,11
451,18
451,3
451,16
451,21
451,13
452,6
452,31
452,38
453,29
453,45
453,44
453,1
453,18
454,25
454,11
454,45
454,17
454,22
454,23
454,13
454,15
454,49
455,47
455,30
455,8
455,18
455,42
455,28
456,26
456,39
456,19
456,10
456,40
457,34
457,46
457,47
457,45
457,29
457,7
457,2
457,16
457,26
458,28
458,4
458,48
458,40
458,34
458,35
458,44
459,3
459,21
459,15
459,14
459,29
459,42
460,21
460,34
460,14
461,15
461,41
461,20
461,39
461,2
461,21
461,23
462,47
462,45
462,26
462,17
462,29
462,30
462,12
462,31
463,44
463,34
463,40
463,15
463,3
463,49
464,27
464,45
464,12
464,32
464,25
464,49
464,13
465,30
465,7
465,13
465,15
465,6
465,10
465,46
465,38
466,29
466,1
466,48
467,12
467,46
467,20
467,28
467,2
467,17
467,37
467,21
467,0
467,30
468,5
468,24
468,0
468,7
468,26
468,38
468,49
468,2
469,16
469,45
469,33
469,39
469,44
470,25
470,46
470,1
470,5
470,12
470,47
470,3
470,45
471,16
471,21
471,25
471,29
472,13
472,15
472,38
472,8
472,25
472,45
473,42
473,43
473,20
473,45
474,14
474,15
474,46
474,35
474,0
474,26
475,17
475,4
475,39
475,2
475,32
475,42
475,12
475,37
475,22
476,20
476,16
476,28
476,27
476,36
476,4
476,6
477,49
477,23
477,30
477,4
477,40
477,12
477,2
478,20
478,31
478,15
478,45
478,41
479,27
479,12
479,21
479,34
479,25
479,29
480,10
480,11
480,49
480,42
480,2
480,23
480,15
480,9
480,26
481,25
481,32
481,48
482,35
482,43
482,45
482,32
482,1
482,49
482,7
482,18
482,44
482,9
483,34
483,5
483,28
483,36
483,17
484,49
484,25
484,45
484,39
484,15
485,5
485,47
485,24
485,25
485,28
485,13
485,15
485,35
485,7
486,15
486,45
486,3
486,8
486,33
486,41
487,37
487,3
487,12
487,10
487,15
487,32
488,38
488,5
488,3
488,40
488,36
488,20
489,22
489,48
489,30
489,17
489,16
489,13
489,44
489,25
489,46
490,37
490,40
490,34
490,48
490,45
490,38
490,21
491,7
491,6
491,44
491,39
492,49
492,1
492,41
492,36
493,25
493,4
493,31
493,36
493,30
493,9
493,34
494,40
494,27
494,37
494,22
494,18
494,5
494,25
494,36
495,31
495,6
495,24
495,38
495,15
495,21
495,10
495,32
496,38
496,17
496,41
496,28
497,12
497,40
498,35
498,43
498,33
498,19
498,34
498,17
499,44
499,7
499,21
499,48
499,34
499,41
499,0
500,10
500,39
500,29
500,0
500,15
500,43
501,31
501,10
501,11
501,2
502,44
502,32
502,34
502,5
502,2
502,13
502,3
503,45
503,9
503,36
503,27
504,15
504,43
504,20
504,44
504,35
504,47
504,19
504,11
504,10
505,44
505,34
505,1
505,47
505,43
506,47
506,42
506,41
506,35
506,4
506,14
507,44
507,48
507,6
507,40
507,18
507,32
508,34
508,12
508,26
508,36
508,5
509,44
509,22
509,39
509,11
509,47
509,2
509,33
509,29
510,16
510,14
510,19
510,38
510,6
510,17
511,44
511,27
511,7
511,21
512,8
512,29
512,24
512,10
512,15
512,41
512,5
512,28
512,40
513,2
513,29
513,31
513,47
513,42
513,40
513,44
513,0
513,37
513,41
514,16
514,49
514,14
514,45
514,17
515,34
515,21
515,42
515,5
515,15
515,24
515,31
515,19
516,49
516,36
516,19
516,18
516,21
516,43
516,32
516,0
516,48
517,31
517,3
517,29
517,33
518,5
518,1
518,14
518,26
518,34
518,33
518,21
518,45
518,25
518,41
518,4
518,17
518,48
518,46
518,49
518,38
519,36
519,44
519,24
520,6
520,9
520,47
520,46
520,2
520,34
520,14
521,22
521,16
521,45
521,44
521,23
521,1
521,14
521,15
521,40
521,42
521,37
522,32
522,28
522,27
522,49
522,11
522,23
523,44
523,7
523,38
523,41
523,1
523,43
523,33
523,15
524,15
524,14
524,8
524,43
524,3
524,27
525,45
525,42
525,26
525,9
525,24
525,18
525,35
526,18
526,36
526,23
526,38
526,44
526,4
527,35
527,8
527,33
527,29
528,13
528,5
528,2
528,35
529,46
529,16
529,10
529,22
529,1
529,20
530,10
530,11
530,2
531,1
531,49
531,27
531,20
531,44
531,6
531,42
531,17
532,14
532,30
533,16
533,30
533,40
533,34
533,7
533,3
534,9
534,45
534,21
534,42
534,46
534,39
534,4
535,39
535,24
535,19
536,31
536,19
536,40
536,18
536,46
536,44
536,4
536,25
537,43
537,12
537,49
537,22
537,24
537,6
538,21
538,20
538,40
538,29
538,4
538,45
538,49
538,31
539,39
539,11
539,35
539,29
539,34
539,37
539,33
540,40
540,6
540,30
540,49
540,27
540,23
540,0
541,32
541,27
541,41
541,34
541,7
542,29
542,1
542,6
542,36
542,14
542,40
542,12
542,28
542,24
542,27
542,23
542,19
543,11
543,23
543,26
543,31
543,43
543,0
543,38
544,7
544,5
544,24
544,35
544,13
545,39
545,8
545,46
545,23
545,20
545,3
545,49
545,2
546,11
546,27
546,12
546,33
546,41
546,16
546,21
546,25
546,24
547,35
547,47
547,17
547,28
547,36
547,19
548,1
548,36
548,16
548,24
548,17
548,37
548,6
548,30
549,46
549,48
549,31
549,25
549,10
549,26
549,36
549,49
549,44
550,26
550,1
550,14
550,18
550,3
550,6
550,46
550,7
551,40
551,49
551,9
551,13
551,2
551,46
551,32
552,15
552,2
552,33
552,28
553,42
553,39
553,6
553,7
553,15
554,24
554,38
554,35
554,34
554,4
554,18
555,2
555,13
555,17
555,21
555,41
556,37
556,43
556,35
556,3
556,33
557,17
557,20
557,7
557,29
557,28
557,5
557,22
557,16
557,13
557,1
557,27
557,23
557,15
558,16
558,42
558,32
558,34
558,27
558,7
558,8
559,44
559,4
559,12
559,37
559,10
559,25
559,43
559,40
560,27
560,47
560,8
560,37
560,24
560,38
561,44
561,36
561,13
561,15
561,2
561,25
561,33
561,34
562,4
562,27
562,23
562,32
562,18
562,1
562,44
563,21
563,28
563,38
563,19
563,4
563,23
563,8
563,15
563,25
564,37
564,3
564,22
564,19
564,28
564,39
565,23
565,5
565,7
565,41
565,16
566,42
566,21
566,40
566,0
566,3
566,49
566,41
566,33
567,49
567,28
567,14
567,1
567,17
567,36
567,48
567,39
568,9
568,38
568,23
568,24
568,29
568,5
568,42
568,14
568,37
568,20
568,10
568,35
569,25
569,11
570,43
570,40
570,3
571,9
571,29
571,14
571,36
571,40
571,41
571,6
571,4
571,34
571,11
572,6
572,31
572,11
572,7
572,13
572,29
573,11
573,29
573,40
573,41
573,28
573,23
573,44
573,17
573,45
574,34
574,18
574,41
574,14
574,40
574,12
574,45
575,38
575,26
575,43
575,12
575,17
575,42
576,30
576,27
576,1
577,27
577,41
577,44
577,31
578,48
578,5
578,44
578,38
578,28
578,49
578,6
579,12
579,14
579,3
579,38
579,31
579,44
579,41
579,10
579,18
580,15
580,22
580,24
580,40
580,36
581,10
581,45
581,38
581,9
581,37
582,49
582,32
582,1
582,22
582,42
582,26
582,7
582,40
582,2
582,39
582,4
582,16
583,6
583,0
583,42
583,14
583,13
583,12
583,16
583,45
584,4
584,15
584,47
584,40
584,42
584,46
585,36
585,15
585,47
585,45
585,13
585,14
585,8
585,30
586,4
586,16
586,3
586,44
586,40
586,31
587,41
587,17
587,32
587,49
587,3
587,27
587,5
587,34
587,20
588,10
588,37
588,27
588,4
588,20
589,38
589,40
589,47
589,33
589,5
589,32
590,24
590,38
590,34
590,28
590,44
590,19
590,13
590,6
591,30
591,18
591,10
591,0
592,7
592,25
592,34
592,17
592,19
593,32
593,42
593,29
593,7
593,26
593,0
593,33
593,41
593,17
594,0
594,39
594,27
594,15
594,19
594,30
594,34
594,5
595,42
595,36
595,38
595,25
595,0
595,39
596,7
596,6
596,3
596,35
597,44
597,48
597,6
597,5
597,9
598,41
598,18
598,46
598,1
598,35
598,42
599,43
599,27
599,13
599,1
599,10
600,2
600,49
600,9
600,34
601,34
601,27
601,20
601,24
601,12
601,41
601,17
601,39
601,46
601,4
602,32
602,43
602,13
602,29
602,7
602,22
602,48
602,0
603,19
603,42
603,22
603,26
603,0
603,18
603,28
604,6
604,28
604,44
604,3
604,35
604,16
604,33
604,31
604,0
605,20
605,14
605,36
605,13
606,13
606,29
606,40
606,26
606,16
606,10
607,29
607,43
607,48
607,13
607,42
607,27
607,24
607,44
607,32
608,22
608,13
608,23
608,7
608,4
608,37
608,6
608,17
609,21
609,34
609,11
609,1
609,28
609,2
609,40
609,39
609,17
610,1
610,35
610,20
610,3
610,24
610,39
610,2
610,47
611,40
611,24
611,10
611,6
611,5
611,27
611,49
611,30
612,32
612,17
612,37
612,33
612,35
612,3
612,18
613,4
613,11
613,17
614,40
614,35
614,29
614,23
614,9
614,30
614,44
614,34
615,23
615,29
615,25
615,15
615,12
615,42
616,5
616,45
616,44
616,43
616,4
616,25
616,36
616,33
616,2
616,40
616,48
617,3
617,37
617,6
617,17
617,44
617,42
617,0
617,7
617,18
618,1
618,13
618,27
618,32
619,46
619,16
619,17
619,42
619,12
620,48
620,14
620,9
620,12
620,24
620,31
620,43
621,29
621,2
621,3
621,11
621,9
621,39
622,40
622,37
622,16
622,35
623,20
623,10
623,19
623,22
624,47
624,18
624,4
625,10
625,19
625,11
626,22
626,20
626,25
626,9
627,8
627,19
627,17
627,47
627,10
627,14
628,20
628,8
628,6
628,11
628,19
628,33
628,45
628,7
628,31
628,23
629,30
629,8
629,1
629,48
629,35
629,5
630,8
630,27
630,26
631,29
631,23
631,0
631,4
631,16
631,37
632,11
632,38
632,34
632,36
632,42
632,5
632,41
632,7
632,45
633,18
633,8
633,20
633,37
633,0
634,9
634,49
634,24
634,44
634,10
634,34
635,32
635,43
635,49
635,36
635,21
635,7
636,17
636,31
636,7
636,38
636,2
636,21
636,34
636,28
636,29
637,32
637,37
637,11
637,6
637,39
638,32
638,17
638,12
638,44
638,25
638,26
638,42
638,14
638,7
638,10
639,31
639,16
639,13
639,26
639,36
639,21
639,28
639,1
640,16
640,4
640,29
640,33
641,45
641,35
641,30
641,29
641,20
641,6
641,22
642,27
642,19
642,25
642,36
643,26
643,6
643,12
643,4
643,27
643,11
643,10
644,24
644,7
644,36
644,48
644,12
644,0
645,45
645,11
645,17
645,31
645,4
645,41
645,7
645,2
646,37
646,32
646,27
646,5
646,3
646,47
646,29
647,19
647,28
647,10
647,48
647,37
648,19
648,46
648,45
648,5
648,40
648,16
648,15
648,47
649,10
649,29
649,42
649,25
649,11
649,30
650,39
650,27
650,48
650,37
651,41
651,43
651,13
651,26
651,30
652,44
652,3
652,27
652,18
653,5
653,18
653,45
653,37
653,34
653,25
653,41
654,44
654,31
654,3
654,7
654,0
654,28
655,21
655,44
655,10
655,43
655,1
656,8
656,15
656,42
656,7
656,25
657,16
657,12
657,38
657,3
657,29
657,17
657,48
657,14
658,28
658,38
658,13
658,4
659,21
659,41
659,20
659,31
659,32
659,36
659,38
659,35
659,15
660,13
660,32
660,0
660,21
660,10
660,25
661,11
661,33
661,40
661,1
661,0
661,7
661,31
661,35
662,32
662,29
662,47
662,31
662,15
663,32
663,28
663,43
663,37
663,17
664,37
664,32
664,6
664,9
664,10
664,43
664,40
665,45
665,3
665,36
665,46
665,17
665,6
665,34
666,17
666,41
666,27
666,40
666,47
666,30
666,16
666,35
666,15
667,47
667,14
667,17
668,16
668,32
668,39
668,7
668,17
668,48
669,35
669,14
669,44
669,11
669,49
669,1
669,0
670,16
670,20
670,31
670,3
670,44
670,13
670,41
670,27
671,44
671,38
671,20
671,33
671,19
672,36
672,49
672,27
672,19
672,3
672,35
672,32
672,23
673,5
673,21
673,36
673,48
673,18
673,26
674,8
674,47
674,20
674,18
674,7
674,42
674,15
674,16
674,2
674,35
675,15
675,22
675,33
675,13
675,34
675,41
675,44
675,36
675,45
675,37
676,40
676,15
676,14
676,26
676,29
677,10
677,49
677,12
677,15
677,38
677,1
677,14
677,13
678,7
678,23
678,12
678,17
678,10
678,5
678,30
678,2
678,19
678,13
678,43
678,0
678,35
678,28
679,12
679,35
679,9
679,43
679,37
679,17
679,48
680,38
680,12
680,17
680,47
681,7
681,40
681,46
681,4
681,16
681,48
681,47
681,13
681,31
681,44
682,30
682,12
682,9
682,4
682,28
682,13
683,38
683,44
683,35
683,2
683,28
683,23
683,24
683,36
683,46
683,1
683,45
683,49
683,40
683,12
684,18
684,45
684,47
684,1
684,27
684,44
684,24
685,23
685,32
685,25
685,12
685,33
685,14
685,10
685,44
685,43
685,41
685,27
686,22
686,20
686,12
686,5
686,30
686,48
686,43
686,15
686,13
686,45
686,8
686,9
687,33
687,4
687,22
687,1
687,9
687,45
687,6
687,25
687,32
687,7
688,21
688,14
688,1
689,0
689,11
689,49
690,12
690,32
690,19
690,18
690,43
690,47
690,21
690,24
691,10
691,12
691,48
691,38
691,11
691,20
691,19
691,42
692,34
692,31
692,4
692,29
692,36
692,2
692,48
693,19
693,33
693,31
693,45
693,17
693,13
693,21
693,35
693,48
693,24
693,18
694,45
694,17
694,18
695,48
695,49
695,14
695,9
696,2
696,40
696,45
697,16
697,34
697,15
697,35
697,41
697,10
697,27
697,9
697,42
697,43
697,17
698,42
698,47
698,40
699,48
699,40
699,29
699,42
699,34
699,19
699,6
700,47
700,6
700,28
700,43
700,7
700,45
700,2
700,31
701,31
701,5
701,35
701,23
702,35
702,44
702,17
702,25
702,1
702,18
702,20
703,8
703,4
703,14
703,16
703,39
703,15
703,18
703,44
703,49
704,14
704,48
704,37
704,42
704,39
704,19
704,6
704,36
705,40
705,2
705,9
705,30
705,28
705,43
705,29
705,31
706,10
706,7
706,29
706,1
706,14
706,38
706,19
707,3
707,8
707,11
707,33
707,14
707,30
707,38
708,12
708,21
708,0
708,22
709,9
709,37
709,8
709,29
709,25
709,24
709,3
709,23
709,28
710,41
710,1
710,4
710,17
710,46
710,21
710,12
710,42
710,25
711,31
711,27
711,12
711,21
711,34
711,19
711,33
711,23
711,43
711,7
712,21
712,30
712,48
712,32
712,40
712,24
713,7
713,25
713,35
713,30
713,2
713,17
713,19
713,15
714,10
714,37
714,38
714,3
714,20
714,29
714,14
714,8
714,22
714,1
715,41
715,15
715,29
715,39
715,34
715,11
715,44
715,40
716,42
716,25
716,9
716,5
716,11
717,25
717,12
717,11
717,24
717,23
717,37
717,8
717,30
718,12
718,35
718,17
718,31
719,26
719,18
719,20
719,23
719,41
719,31
719,42
719,32
720,37
720,21
720,2
720,5
720,49
720,10
721,20
721,39
721,26
721,23
721,45
721,14
721,18
722,26
722,12
722,36
722,23
722,30
722,16
722,41
722,1
722,13
722,29
723,47
723,20
723,19
723,42
723,3
723,34
723,0
723,15
723,23
723,40
724,28
724,47
724,15
724,43
724,9
724,13
725,38
725,17
725,1
725,31
725,27
725,3
726,34
726,23
726,21
726,12
726,37
726,29
726,16
726,6
726,25
727,0
727,22
727,8
727,16
727,9
727,7
727,40
727,21
727,43
728,41
728,9
728,16
729,1
729,41
729,4
729,19
729,39
729,48
729,31
729,24
729,26
729,20
729,0
730,31
730,30
730,8
730,0
730,18
731,31
731,19
731,30
731,38
731,33
731,3
731,6
731,20
731,26
731,9
731,37
732,40
732,0
732,4
732,16
732,46
732,11
732,8
732,34
733,13
733,0
733,11
733,9
733,32
733,25
733,34
733,35
734,43
734,34
734,27
734,40
734,3
734,9
734,17
734,19
734,8
734,30
735,28
735,25
735,47
735,44
735,45
736,7
736,36
736,10
736,15
736,45
737,1
737,39
737,28
737,27
737,8
737,24
738,9
738,27
738,28
738,36
738,24
738,10
738,38
738,5
738,40
739,3
739,2
740,15
740,44
740,37
740,40
740,35
740,0
740,28
740,4
741,19
741,17
741,5
741,15
741,20
741,41
741,47
741,23
741,6
742,11
743,36
743,34
743,39
743,46
743,11
744,11
744,43
744,33
744,14
744,48
745,10
745,0
745,34
745,32
745,38
745,45
745,9
746,18
746,10
746,4
746,27
747,24
747,5
747,38
747,42
747,7
748,0
748,16
748,6
748,40
748,7
748,48
748,28
748,30
748,5
749,9
749,12
749,15
749,13
749,49
750,29
750,9
750,3
750,43
750,42
751,27
751,33
751,44
752,30
752,34
752,15
752,10
752,26
752,11
753,1
753,8
753,29
753,27
753,36
753,49
753,20
753,35
753,26
754,12
754,26
754,45
754,10
754,49
754,18
754,8
754,32
755,7
755,6
755,13
755,20
756,37
756,23
756,27
756,40
757,36
757,46
757,45
757,24
757,17
757,31
757,0
757,38
758,40
758,7
758,45
758,28
758,0
758,17
758,36
758,37
759,40
759,44
759,36
759,32
759,2
760,14
760,7
760,25
760,27
760,36
760,33
760,40
761,33
761,17
761,24
761,26
761,14
761,18
761,49
761,41
762,37
762,19
762,16
762,39
762,42
762,4
762,23
763,37
763,3
763,13
763,38
763,15
763,20
764,49
764,21
764,37
764,32
764,23
765,26
765,37
765,23
765,47
765,9
765,31
766,14
766,48
766,43
766,0
766,7
766,5
766,11
767,16
767,30
767,23
767,26
767,6
767,1
767,24
767,7
767,12
768,49
768,37
768,42
768,24
768,3
768,15
768,40
769,5
769,44
769,41
769,26
769,35
769,31
769,34
769,3
770,10
770,11
770,41
770,7
771,48
771,44
771,40
771,33
771,14
771,20
771,21
771,49
772,29
772,36
772,49
772,19
772,47
772,26
772,22
773,34
773,39
774,40
774,27
774,14
774,22
774,35
774,28
775,0
775,46
775,16
775,1
775,38
775,45
775,11
775,13
775,10
775,44
776,11
776,14
776,23
777,41
777,6
777,26
777,7
777,39
777,45
778,25
778,24
778,10
778,13
778,16
778,32
778,31
778,20
779,28
779,29
779,27
780,33
780,40
780,4
780,48
780,5
780,8
780,17
781,18
781,23
781,48
781,10
781,45
781,39
782,31
782,17
782,12
782,42
782,34
782,23
782,15
783,16
783,46
783,44
784,5
784,2
784,46
784,47
784,29
784,22
784,15
785,15
785,25
785,2
785,42
785,30
786,30
786,40
786,47
786,4
786,37
786,46
787,32
787,12
787,8
787,30
787,1
787,9
787,47
788,33
788,18
788,4
788,30
788,45
788,35
788,43
789,12
789,7
789,27
790,5
790,37
790,23
790,2
790,47
790,38
790,9
791,35
791,43
791,7
791,25
791,3
791,34
792,8
792,3
792,40
792,19
792,16
792,44
792,49
792,48
792,13
793,45
793,2
793,15
793,19
793,14
793,4
794,45
794,33
794,12
794,43
795,27
795,44
795,5
795,7
796,0
796,43
796,39
796,3
797,0
797,16
797,44
797,18
797,1
797,4
797,38
797,11
797,28
798,18
798,10
798,24
798,37
798,1
798,23
799,7
799,47
799,48
799,33
799,22
800,34
800,43
800,48
800,16
800,33
800,15
801,17
801,24
801,43
801,7
802,26
802,10
802,36
802,12
803,26
803,9
803,20
803,37
803,5
803,2
803,19
804,42
804,12
804,28
804,10
804,29
804,46
805,39
805,0
805,2
805,34
805,21
805,6
805,47
805,1
806,34
806,29
806,43
806,21
806,9
806,48
807,43
807,26
807,4
807,35
807,19
807,24
808,23
808,3
808,14
808,26
808,24
808,49
808,33
808,11
808,34
809,3
809,22
809,29
809,10
809,41
809,11
810,3
810,44
810,45
810,10
810,40
810,35
810,1
810,20
811,1
811,9
811,12
811,19
812,28
813,1
813,6
813,20
813,7
813,33
813,44
813,34
814,19
814,10
814,48
814,37
814,26
814,27
814,22
814,31
814,7
814,44
814,40
814,46
815,4
815,3
815,23
815,41
815,12
816,30
816,40
816,6
816,23
816,24
816,19
816,39
817,12
817,28
817,16
818,45
818,26
818,2
818,31
818,6
818,34
819,30
819,9
819,34
819,27
819,21
819,26
819,12
819,29
819,44
819,19
819,18
819,2
820,15
820,37
820,46
820,26
820,14
820,12
820,19
820,48
821,9
821,6
821,45
821,47
822,2
822,4
822,26
822,39
822,24
823,14
823,30
823,2
823,15
823,25
823,49
823,3
823,36
824,35
824,4
824,41
824,31
824,33
824,25
824,20
824,44
824,1
825,38
825,12
825,6
825,1
825,7
826,39
826,19
826,23
826,18
827,17
827,49
827,1
827,2
827,6
827,39
828,48
828,11
828,15
828,41
828,18
828,23
828,33
829,47
829,37
829,26
830,15
830,30
830,23
830,20
830,4
830,32
830,33
830,13
831,30
831,21
832,47
832,45
832,14
832,37
832,18
832,0
833,32
833,7
833,44
833,23
833,21
834,46
834,40
834,22
834,1
834,7
834,43
835,31
835,11
835,20
835,29
835,46
835,44
835,47
836,0
836,17
836,35
836,22
836,1
836,48
836,41
836,4
837,13
838,45
838,20
838,13
838,8
839,21
839,6
839,17
839,19
839,7
839,0
839,38
840,42
840,49
840,14
840,25
840,1
840,5
840,30
841,41
841,0
841,46
841,44
841,23
841,31
841,9
842,26
842,20
842,48
842,44
842,15
842,7
843,3
843,26
843,13
843,0
843,34
843,37
843,47
843,4
843,41
844,24
844,0
844,27
844,36
844,32
844,19
845,31
845,4
845,19
845,13
846,32
846,31
846,20
846,30
846,42
846,41
846,44
846,12
847,38
847,42
847,27
847,41
847,14
848,40
848,4
848,0
848,46
848,24
848,13
848,44
849,21
849,17
849,13
849,16
849,5
849,32
850,33
850,0
851,10
851,9
851,33
851,44
851,20
851,28
851,45
852,47
852,31
852,4
852,26
852,7
852,18
853,47
853,12
853,36
853,9
853,41
853,15
853,5
853,46
853,3
854,49
854,36
854,44
854,48
854,19
854,22
854,17
855,35
855,30
855,11
855,7
855,2
856,39
856,14
856,33
856,48
857,16
857,40
857,10
858,33
858,44
858,12
859,6
859,34
859,14
859,19
859,39
860,44
860,21
860,22
860,41
860,38
860,36
860,20
861,21
861,29
861,16
861,42
861,7
861,2
861,23
862,22
862,8
862,29
862,48
862,31
862,49
862,18
862,39
862,16
862,28
863,10
863,9
863,6
863,37
863,21
863,12
864,23
864,7
864,8
865,27
865,48
865,14
865,33
866,37
866,42
866,0
866,11
866,45
866,21
866,16
867,15
867,32
867,3
867,37
867,49
867,28
867,20
867,23
868,1
868,45
868,18
868,43
868,31
868,21
868,17
868,10
869,8
869,47
869,24
870,14
870,10
870,6
870,48
870,24
870,37
871,11
871,40
871,41
871,19
871,24
871,45
872,27
872,15
872,46
872,8
872,39
872,4
872,35
872,19
873,49
873,36
873,8
873,19
873,1
873,28
873,24
873,47
873,41
874,32
874,29
874,48
874,33
874,14
874,7
875,8
875,21
875,13
875,35
875,23
875,36
875,11
876,3
876,37
876,23
877,23
877,41
877,34
877,48
877,5
877,31
878,15
878,27
878,18
878,9
878,2
878,25
878,3
878,30
878,7
878,35
878,5
879,44
879,41
879,22
879,48
879,25
879,16
879,39
879,6
879,28
879,33
879,32
880,3
880,45
880,25
880,6
880,44
880,41
880,10
880,29
881,18
881,23
881,6
881,9
881,40
881,14
881,43
881,42
881,24
881,17
881,37
881,34
882,30
882,26
882,27
882,48
882,32
883,21
883,18
883,37
883,8
883,5
884,12
884,6
884,4
884,0
884,35
884,10
884,7
884,32
884,44
885,32
885,47
885,21
885,48
885,13
885,10
885,28
886,14
886,27
886,13
886,0
886,4
886,30
886,33
887,6
887,26
887,5
887,32
887,7
888,30
888,20
888,42
888,31
888,4
888,45
888,37
888,33
889,15
889,12
889,43
889,30
890,47
890,43
890,1
890,22
890,41
890,42
890,7
891,1
891,34
891,28
891,46
892,21
892,33
892,37
892,42
892,3
892,24
892,28
892,36
892,40
892,48
893,36
893,34
893,11
893,12
893,19
893,7
893,38
894,8
894,30
895,17
895,45
895,49
895,19
895,39
895,6
896,8
896,40
896,5
896,29
897,41
897,19
897,5
897,9
897,11
897,32
897,18
897,49
898,34
898,41
898,36
898,39
899,20
899,49
899,10
899,45
899,9
899,32
899,24
899,47
900,28
900,46
900,47
900,49
900,24
900,29
900,45
901,25
901,6
901,33
901,9
901,36
901,19
901,2
901,1
902,0
902,36
902,5
902,43
902,48
903,10
903,0
903,21
903,12
903,23
904,20
904,33
904,49
904,32
904,43
904,46
904,19
904,35
904,3
904,30
905,13
905,9
905,30
905,40
905,35
905,22
905,36
905,43
905,49
905,4
906,0
906,8
906,46
907,31
907,26
907,20
907,39
907,33
907,1
907,29
907,46
907,19
908,32
908,12
908,44
908,41
908,5
908,18
908,19
908,11
908,8
909,31
909,17
909,47
909,37
909,20
909,21
909,23
910,11
910,47
910,21
910,34
910,30
910,6
910,24
910,26
911,4
911,29
911,26
911,12
911,22
912,41
912,13
912,24
912,2
912,28
912,11
913,23
913,2
913,7
913,42
913,8
914,40
914,41
914,9
914,27
914,11
914,4
914,30
915,28
915,37
915,11
915,32
915,30
916,26
916,21
916,9
917,11
917,3
917,33
917,31
917,20
917,19
917,9
917,0
918,9
918,13
919,16
919,5
919,37
919,20
920,47
920,26
920,23
920,14
920,15
920,34
920,8
920,45
920,7
920,44
920,32
921,26
921,23
921,24
922,19
922,48
922,10
922,29
922,9
922,8
922,32
923,48
923,45
923,35
923,21
923,46
923,7
923,24
924,42
924,5
924,3
924,8
924,35
924,16
925,45
925,17
925,31
925,10
925,43
925,14
925,18
925,28
925,33
926,2
926,19
926,13
926,47
926,40
926,44
927,10
927,31
927,33
927,40
928,22
928,31
928,47
928,38
928,24
928,46
928,43
928,48
928,34
928,36
929,32
929,21
929,30
929,44
930,40
930,21
930,11
930,27
930,15
930,13
930,33
930,32
930,8
931,46
931,7
931,47
931,33
932,21
932,45
932,41
932,44
932,12
932,6
932,25
932,36
933,43
933,9
933,27
933,24
933,29
933,17
933,31
934,30
934,35
934,38
934,34
934,5
934,47
934,17
935,4
935,43
935,23
935,39
935,48
937,3
937,5
937,38
937,11
937,46
937,24
937,19
937,42
938,8
938,11
938,27
938,4
939,14
939,27
939,11
939,30
939,21
939,20
939,10
939,15
939,3
939,12
940,35
940,6
940,3
940,31
940,13
940,17
940,14
940,8
941,13
941,34
941,39
941,0
941,23
941,31
942,40
942,21
942,24
942,10
942,17
942,20
942,44
942,35
942,41
943,39
943,40
943,38
943,43
943,14
943,20
943,30
943,24
944,18
944,36
944,49
944,20
944,7
944,42
944,47
945,36
945,32
946,18
946,35
946,28
946,6
946,49
946,8
946,9
946,14
947,36
947,4
947,45
947,35
947,17
947,24
947,38
948,13
948,36
948,11
948,43
948,37
948,17
949,39
949,0
949,17
949,48
949,40
949,8
950,13
950,6
950,0
951,0
951,13
951,44
951,34
951,17
951,9
951,1
951,37
951,24
951,30
951,31
951,39
952,46
952,45
952,4
952,39
952,24
952,17
952,8
953,14
953,38
953,4
953,35
953,21
953,23
953,2
953,24
954,16
954,10
954,40
955,40
955,25
955,31
955,29
955,21
955,28
955,36
956,3
956,25
956,8
956,47
956,46
956,45
956,35
956,15
956,2
956,36
957,7
957,39
957,41
957,2
957,37
957,47
957,4
957,42
958,33
958,14
958,24
958,27
958,36
958,2
958,35
959,39
959,29
959,1
959,46
959,11
959,25
959,18
959,14
960,47
960,9
960,46
960,4
960,23
960,30
960,48
961,40
961,30
961,42
961,32
961,8
961,21
961,15
961,10
961,37
961,9
961,34
962,4
962,5
962,14
962,29
962,3
962,18
962,21
963,5
963,6
963,33
963,36
963,1
964,47
964,31
964,39
964,43
964,13
964,40
964,1
964,10
965,14
965,3
965,49
965,19
965,24
965,1
965,30
966,46
966,24
966,41
966,23
966,36
966,29
967,24
967,8
967,0
967,7
967,10
967,31
968,18
968,23
968,43
968,14
968,34
969,0
969,20
969,1
969,10
969,48
969,9
969,2
969,45
969,32
970,14
970,32
970,20
970,6
970,11
970,42
970,45
970,0
970,40
971,15
972,20
972,37
972,10
972,42
972,46
973,48
973,15
973,27
973,40
973,41
973,10
974,30
974,4
974,23
974,6
974,0
974,12
974,42
974,45
975,6
975,24
975,5
975,27
975,4
975,9
975,38
976,4
976,38
976,26
976,49
976,18
976,39
976,2
977,18
977,13
977,27
977,31
977,1
977,12
977,22
977,8
978,42
978,39
978,20
978,40
978,0
978,19
979,42
979,47
979,39
979,30
979,41
979,28
979,7
979,37
980,33
980,42
980,37
980,27
980,6
980,36
980,35
980,41
980,4
980,15
980,47
980,7
981,12
981,16
981,17
981,24
981,39
981,5
981,26
981,38
982,39
982,2
982,8
982,44
982,0
982,7
982,13
982,16
982,31
983,20
983,4
983,17
983,33
984,7
984,25
984,1
984,4
984,48
984,3
984,43
984,26
984,44
985,19
985,2
986,41
986,26
986,31
986,9
987,24
987,43
987,35
987,17
987,14
987,20
987,32
988,15
988,9
988,30
988,29
988,3
989,39
989,6
989,40
989,32
989,8
989,42
989,28
989,37
990,3
990,40
990,45
991,29
991,15
991,3
991,43
991,37
992,3
992,39
992,20
992,11
992,5
992,41
992,16
992,15
992,30
992,27
993,13
993,25
993,47
993,4
993,30
993,24
993,36
993,20
993,41
994,7
994,36
994,33
995,44
995,33
995,21
995,22
995,35
995,5
995,36
995,45
995,0
995,3
995,42
995,18
995,31
995,14
996,42
996,23
996,0
996,5
996,46
997,12
997,48
997,45
997,34
997,15
997,0
998,0
998,7
998,46
998,26
999,8
999,25
999,22
999,29
999,20
999,10
999,47
999,32